,nb,nb2,value
8,audi,aspire,1.839451365
13,infiniti,aspire,1.818021485
4,bmw,aspire,1.72976577
14,lexus,aspire,1.527741599
11,acura,aspire,1.482604986
